filename,width,height,class,xmin,ymin,xmax,ymax
2.jpg,960,638,hand,276,157,626,505
9.jpg,910,480,hand,246,158,648,351
6.jpg,493,335,hand,13,68,228,328
6.jpg,493,335,hand,229,3,493,334
4.jpg,970,450,hand,432,1,808,450
1.jpg,1200,800,hand,95,40,571,800
1.jpg,1200,800,hand,600,35,1128,800
3.jpg,2336,2336,hand,415,317,1352,2086
